{"\u0430": 0.08365661530218492, "\u0431": 0.0173103970572325, "\u0432": 0.045906039576925656, "\u0433": 0.020174855617893592, "\u0434": 0.030161821301061806, "\u0435": 0.07957373147246564, "\u0436": 0.010164706367238013, "\u0437": 0.01782043554195453, "\u0438": 0.06713961144340891, "\u0439": 0.01169739777334714, "\u043a": 0.03682838492965075, "\u043b": 0.049365543036429115, "\u043c": 0.030473511486169714, "\u043d": 0.0656017681334137, "\u043e": 0.11271850512356842, "\u043f": 0.02591922845087402, "\u0440": 0.0451718932731591, "\u0441": 0.05173284287208338, "\u0442": 0.05674564535324029, "\u0443": 0.028386990412306867, "\u0444": 0.0023492681720529824, "\u0445": 0.008534128787293344, "\u0446": 0.004157586436067449, "\u0447": 0.013910140492418973, "\u0448": 0.009180692724996522, "\u0449": 0.002825819281515484, "\u044a": 0.0005074625327789884, "\u044b": 0.01889718345414548, "\u044c": 0.01960299428653859, "\u044d": 0.002928857359237106, "\u044e": 0.006919006919006919, "\u044f": 0.023636935029340094}